Unique ID,Street address, City, State, ZIP,No_Match,,,lon,lat,
1,1 Summer Street, Boston, MA, 02110,Match,Exact,"1 Summer St, BOSTON, MA, 02110",-71.060455,42.355465,R
2,1000 Commerce Dr., Oak Brook, IL, 60523,Match,Non_Exact,"1000 Commerce Dr, OAK BROOK, IL, 60521",-87.94711,41.84906,L
3,11 Great Oaks Blvd, Santa Jose, CA, 95119,Match,Exact,"11 Great Oaks Blvd, SAN JOSE, CA, 95119",-121.776184,37.23928,L
4,111 8th Avenue, New York, NY, 10011,Match,Exact,"111 8 Ave, NEW YORK, NY, 10011",-74.00186,40.740692,L
5,111 8th Avenue, New York, NY, 10011,Match,Exact,"111 8 Ave, NEW YORK, NY, 10011",-74.00186,40.740692,L
6,111 8TH Avenue, New York, NY, 10011,Match,Exact,"111 8 Ave, NEW YORK, NY, 10011",-74.00186,40.740692,L
7,111 8th Avenue, New York, NY, 10011,Match,Exact,"111 8 Ave, NEW YORK, NY, 10011",-74.00186,40.740692,L
8,111 8th Avenue, New York, NY, 10011,Match,Exact,"111 8 Ave, NEW YORK, NY, 10011",-74.00186,40.740692,L
9,111 8th Avenue, New York, NY, 10011,Match,Exact,"111 8 Ave, NEW YORK, NY, 10011",-74.00186,40.740692,L
10,111 8th Avenue, New York, NY, 10011,Match,Exact,"111 8 Ave, NEW YORK, NY, 10011",-74.00186,40.740692,L
11,111 8th Avenue, New York, NY, 10011,Match,Exact,"111 8 Ave, NEW YORK, NY, 10011",-74.00186,40.740692,L
12,111 8th Avenue, New York, NY, 10011,Match,Exact,"111 8 Ave, NEW YORK, NY, 10011",-74.00186,40.740692,L
13,111 8th Avenue, New York, NY, 10011,Match,Exact,"111 8 Ave, NEW YORK, NY, 10011",-74.00186,40.740692,L
14,111 8th Avenue, Manhattan, NY, 10011,Match,Non_Exact,"111 8 Ave, NEW YORK, NY, 10011",-74.00186,40.740692,L
15,120 East Van Buren Street, Phoenix, AZ, 85004,Match,Non_Exact,"120 E Van Buren St, PHOENIX, AZ, 85006",-112.011345,33.45132,L
16,120 East Van Buren Street, Phoenix, AZ, 85004,Match,Non_Exact,"120 E Van Buren St, PHOENIX, AZ, 85006",-112.011345,33.45132,L
17,120 East Van Buren Street, Phoenix, AZ, 85004,Match,Non_Exact,"120 E Van Buren St, PHOENIX, AZ, 85006",-112.011345,33.45132,L
19,1301 W University Drive, Mesa, AZ, 85201,Match,Exact,"1301 W University Dr, MESA, AZ, 85201",-111.85867,33.42214,L
20,140 Fourth Ave North, Seattle, WA, 98109,Match,Exact,"140 4th Ave N, SEATTLE, WA, 98109",-122.34888,47.61906,R
21,140 Fourth Ave North, Seattle, WA, 98109,Match,Exact,"140 4th Ave N, SEATTLE, WA, 98109",-122.34888,47.61906,R
22,14452 Franklin Avenue, Tustin, CA, 92780,Match,Exact,"14452 Franklin Ave, TUSTIN, CA, 92780",-117.808,33.716652,L
24,165 Halsey St, Newark, NJ, 07102,Match,Exact,"165 Halsey St, NEWARK, NJ, 07102",-74.173325,40.736782,R
25,165 Halsey St, Newark, NJ, 07102,Match,Exact,"165 Halsey St, NEWARK, NJ, 07102",-74.173325,40.736782,R
26,17300 Highway 99, Lynnwood, WA, 98037,Match,Exact,"17300 Hwy 99, LYNNWOOD, WA, 98037",-122.29728,47.84179,R
27,1950 N. Stemmons Freeway, Dallas, TX, 75207,Match,Non_Exact,"1950 N Stemmons Fwy, DALLAS, TX, 75247",-96.82195,32.800724,R
28,1950 N. Stemmons Freeway, Dallas, TX, 95207,Match,Non_Exact,"1950 N Stemmons Fwy, DALLAS, TX, 75247",-96.82195,32.800724,R
29,1950 N. Stemmons Freeway, Dallas, TX, 75207,Match,Non_Exact,"1950 N Stemmons Fwy, DALLAS, TX, 75247",-96.82195,32.800724,R
30,1950 N. Stemmons Freeway, Dallas, TX, 75207,Match,Non_Exact,"1950 N Stemmons Fwy, DALLAS, TX, 75247",-96.82195,32.800724,R
31,1950 N. Stemmons Freeway, Dallas, TX, 75207,Match,Non_Exact,"1950 N Stemmons Fwy, DALLAS, TX, 75247",-96.82195,32.800724,R
32,1950 N. Stemmons Freeway, Dallas, TX, 75207,Match,Non_Exact,"1950 N Stemmons Fwy, DALLAS, TX, 75247",-96.82195,32.800724,R
33,1950 N. Stemmons Freeway, Dallas, TX, 75207,Match,Non_Exact,"1950 N Stemmons Fwy, DALLAS, TX, 75247",-96.82195,32.800724,R
34,200 Paul Ave, San Francisco, CA, 94110,Match,Non_Exact,"200 Paul Ave, SAN FRANCISCO, CA, 94124",-122.40023,37.7235,R
35,200 Paul Ave, San Francisco, CA, 94110,Match,Non_Exact,"200 Paul Ave, SAN FRANCISCO, CA, 94124",-122.40023,37.7235,R
36,200 Paul Ave, San Francisco, CA, 94110,Match,Non_Exact,"200 Paul Ave, SAN FRANCISCO, CA, 94124",-122.40023,37.7235,R
37,200 Paul Ave, San Francisco, CA, 94110,Match,Non_Exact,"200 Paul Ave, SAN FRANCISCO, CA, 94124",-122.40023,37.7235,R
38,200 Paul Ave, San Francisco, CA, 94110,Match,Non_Exact,"200 Paul Ave, SAN FRANCISCO, CA, 94124",-122.40023,37.7235,R
39,200 Paul Ave, San Francisco, CA, 94110,Match,Non_Exact,"200 Paul Ave, SAN FRANCISCO, CA, 94124",-122.40023,37.7235,R
40,200 Paul Ave, San Francisco, CA, 94110,Match,Non_Exact,"200 Paul Ave, SAN FRANCISCO, CA, 94124",-122.40023,37.7235,R
41,200 Paul Ave, San Francisco, CA, 94110,Match,Non_Exact,"200 Paul Ave, SAN FRANCISCO, CA, 94124",-122.40023,37.7235,R
42,200 Paul Ave, San Francisco, CA, 94110,Match,Non_Exact,"200 Paul Ave, SAN FRANCISCO, CA, 94124",-122.40023,37.7235,R
43,2001 6th Ave, Seattle, WA, 98121,Match,Exact,"2001 6th Ave, SEATTLE, WA, 98121",-122.338394,47.614418,L
44,2001 Sixth Avenue, Seattle, WA, 98121,Match,Exact,"2001 6th Ave, SEATTLE, WA, 98121",-122.338394,47.614418,L
45,2001 Sixth Avenue, Seattle, WA, 98121,Match,Exact,"2001 6th Ave, SEATTLE, WA, 98121",-122.338394,47.614418,L
46,2001 Sixth Avenue, Seattle, WA, 98121,Match,Exact,"2001 6th Ave, SEATTLE, WA, 98121",-122.338394,47.614418,L
47,2001 Sixth Avenue, Seattle, WA, 98121,Match,Exact,"2001 6th Ave, SEATTLE, WA, 98121",-122.338394,47.614418,L
48,2001 Sixth Avenue, Seattle, WA, 98121,Match,Exact,"2001 6th Ave, SEATTLE, WA, 98121",-122.338394,47.614418,L
49,2001 Sixth Avenue, Seattle, WA, 98121,Match,Exact,"2001 6th Ave, SEATTLE, WA, 98121",-122.338394,47.614418,L
50,2001 Sixth Avenue, Seattle, WA, 98121,Match,Exact,"2001 6th Ave, SEATTLE, WA, 98121",-122.338394,47.614418,L
51,2001 Sixth Avenue, Seattle, WA, 98121,Match,Exact,"2001 6th Ave, SEATTLE, WA, 98121",-122.338394,47.614418,L
52,21571 Beaumeade Circle, Ashburn, VA, 22204,Match,Non_Exact,"21571 Beaumeade Cir, ASHBURN, VA, 20147",-77.45484,39.020996,L
53,2301 W. 120th Street, Hawthorne, CA, 90250,Match,Exact,"2301 W 120th St, HAWTHORNE, CA, 90250",-118.3203,33.923725,R
54,2323 Bryan Street, Dallas, TX, 75201,Match,Exact,"2323 Bryan St, DALLAS, TX, 75201",-96.794,32.78689,L
55,2323 Bryan Street, Dallas, TX, 75201,Match,Exact,"2323 Bryan St, DALLAS, TX, 75201",-96.794,32.78689,L
56,2323 Bryan Street, Dallas, TX, 75201,Match,Exact,"2323 Bryan St, DALLAS, TX, 75201",-96.794,32.78689,L
57,2323 Bryan Street, Dallas, TX, 75201,Match,Exact,"2323 Bryan St, DALLAS, TX, 75201",-96.794,32.78689,L
58,2323 Bryan Street, Dallas, TX, 75201,Match,Exact,"2323 Bryan St, DALLAS, TX, 75201",-96.794,32.78689,L
59,2323 Bryan Street, Dallas, TX, 75201,Match,Exact,"2323 Bryan St, DALLAS, TX, 75201",-96.794,32.78689,L
60,2323 Bryan Street, Dallas, TX, 75201,Match,Exact,"2323 Bryan St, DALLAS, TX, 75201",-96.794,32.78689,L
61,2323 Bryan Street , Dallas, TX, 75201,Match,Exact,"2323 Bryan St, DALLAS, TX, 75201",-96.794,32.78689,L
62,2500 Riva Road, Annapolis, MD, 21401,Match,Exact,"2500 Riva Rd, ANNAPOLIS, MD, 21401",-76.54511,38.981094,R
64,300 Bent Street, Cambridge, MA, 02141,Match,Exact,"300 Bent St, CAMBRIDGE, MA, 02141",-71.08629,42.367626,L
68,3003 Woodbridge Ave., Edison, NJ, 08837,Match,Exact,"3003 Woodbridge Ave, EDISON, NJ, 08837",-74.34556,40.519344,L
69,3175 Spring Street, Redwood City, CA, 94063,Match,Exact,"3175 Spring St, REDWOOD CITY, CA, 94063",-122.200035,37.480133,L
70,350 East Cermak Road, Chicago, IL, 60616,Match,Exact,"350 E Cermak Rd, CHICAGO, IL, 60616",-87.61892,41.85302,L
71,350 East Cermak Road, Chicago, IL, 60616,Match,Exact,"350 E Cermak Rd, CHICAGO, IL, 60616",-87.61892,41.85302,L
72,350 East Cermak Road, Chicago, IL, 60623,Match,Non_Exact,"350 E Cermak Rd, CHICAGO, IL, 60616",-87.61892,41.85302,L
73,350 East Cermak Road, Chicago, IL, 60623,Match,Non_Exact,"350 E Cermak Rd, CHICAGO, IL, 60616",-87.61892,41.85302,L
74,350 East Cermak Road, Chicago, IL, 60616,Match,Exact,"350 E Cermak Rd, CHICAGO, IL, 60616",-87.61892,41.85302,L
75,350 East Cermak Road, Chicago, IL, 60623,Match,Non_Exact,"350 E Cermak Rd, CHICAGO, IL, 60616",-87.61892,41.85302,L
76,350 East Cermak Road, Chicago, IL, 60623,Match,Non_Exact,"350 E Cermak Rd, CHICAGO, IL, 60616",-87.61892,41.85302,L
77,350 East Cermak Road, Chicago, IL, 60623,Match,Non_Exact,"350 E Cermak Rd, CHICAGO, IL, 60616",-87.61892,41.85302,L
78,350 East Cermak Road, Chicago, IL, 60623,Match,Non_Exact,"350 E Cermak Rd, CHICAGO, IL, 60616",-87.61892,41.85302,L
79,375 Riverside Parkway, Lithia Springs, GA, 30122,Match,Exact,"375 Riverside Pkwy, LITHIA SPGS, GA, 30122",-84.58122,33.749302,L
80,400 S. Akard St, Dallas, TX, 75202,Match,Exact,"400 S Akard St, DALLAS, TX, 75202",-96.79905,32.778397,L
81,400 S. Akard St, Dallas, TX, 75202,Match,Exact,"400 S Akard St, DALLAS, TX, 75202",-96.79905,32.778397,L
82,401 N Broad, Philadelphia, PA, 19108,Match,Non_Exact,"401 N Broad St, PHILADELPHIA, PA, 19108",-75.161934,39.959614,R
90,427 LaSalle St, Chicago, IL, 60605,Match,Non_Exact,"427 S la Salle St, CHICAGO, IL, 60605",-87.631744,41.87653,L
91,4513 Western Ave., Lisle, IL, 60532,Match,Exact,"4513 Western Ave, LISLE, IL, 60532",-88.09643,41.803345,R
92,480 Aresenal Street, Watertown, MA, 02472,Match,Non_Exact,"480 Arsenal St, WATERTOWN, MA, 02472",-71.16021,42.363144,L
93,50 NE 9th St., Miami, FL, 33132,Match,Exact,"50 NE 9th St, MIAMI, FL, 33132",-80.19306,25.782797,R
94,5000 Hollis Street, Emeryville, CA, 94608,Match,Exact,"5000 Hollis St, EMERYVILLE, CA, 94608",-122.28753,37.8357,R
95,5000 Hollis Street, Emeryville, CA, 94608,Match,Exact,"5000 Hollis St, EMERYVILLE, CA, 94608",-122.28753,37.8357,R
96,529 Bryant St, Palo Alto, CA, 94301,Match,Exact,"529 Bryant St, PALO ALTO, CA, 94301",-122.161194,37.445656,L
98,55 South Market Street, Sunnyvale, CA, 95113,Match,Non_Exact,"55 S Market St, SAN JOSE, CA, 95113",-121.89133,37.334465,R
99,56 Marietta Street, Atlanta, GA, 30303,Match,Exact,"56 Marietta St, ATLANTA, GA, 30303",-84.39131,33.755577,L
100,56 Marietta Street, Atlanta, GA, 30303,Match,Exact,"56 Marietta St, ATLANTA, GA, 30303",-84.39131,33.755577,L
101,56 Marietta Street, Atlanta, GA, 30303,Match,Exact,"56 Marietta St, ATLANTA, GA, 30303",-84.39131,33.755577,L
102,56 Marietta Street, Atlanta, GA, 30303,Match,Exact,"56 Marietta St, ATLANTA, GA, 30303",-84.39131,33.755577,L
103,56 Marietta Street, Atlanta, GA, 30303,Match,Exact,"56 Marietta St, ATLANTA, GA, 30303",-84.39131,33.755577,L
104,56 Marietta Street, Atlanta, GA, 30303,Match,Exact,"56 Marietta St, ATLANTA, GA, 30303",-84.39131,33.755577,L
105,5732 Pacific Center Boulevard, San Diego, CA, 92121,Match,Exact,"5732 Pacific Center Blvd, SAN DIEGO, CA, 92121",-117.19946,32.90217,L
107,60 Hudson Street, New York, NY, 10013,Match,Exact,"60 Hudson St, NEW YORK, NY, 10013",-74.00893,40.717907,R
108,60 Hudson Street, New York, NY, 10013,Match,Exact,"60 Hudson St, NEW YORK, NY, 10013",-74.00893,40.717907,R
109,60 Hudson Street, New York, NY, 10013,Match,Exact,"60 Hudson St, NEW YORK, NY, 10013",-74.00893,40.717907,R
110,60 Hudson Street, New York, NY, 10013,Match,Exact,"60 Hudson St, NEW YORK, NY, 10013",-74.00893,40.717907,R
111,60 Hudson Street, New York, NY, 10013,Match,Exact,"60 Hudson St, NEW YORK, NY, 10013",-74.00893,40.717907,R
112,60 Hudson Street, New York, NY, 10013,Match,Exact,"60 Hudson St, NEW YORK, NY, 10013",-74.00893,40.717907,R
113,600 S Federal St, Chicago, IL, 60605,Match,Exact,"600 S Federal St, CHICAGO, IL, 60605",-87.629684,41.874474,R
114,600 S Federal St, Chicago, IL, 60605,Match,Exact,"600 S Federal St, CHICAGO, IL, 60605",-87.629684,41.874474,R
115,600 S Federal St, Chicago, IL, 60605,Match,Exact,"600 S Federal St, CHICAGO, IL, 60605",-87.629684,41.874474,R
116,600 West 7th Street, Los Angeles, CA, 90017,Match,Exact,"600 W 7th St, LOS ANGELES, CA, 90017",-118.25666,34.047318,L
117,600 West 7th Street, Los Angeles, CA, 90017,Match,Exact,"600 W 7th St, LOS ANGELES, CA, 90017",-118.25666,34.047318,L
118,600 West 7th Street, Los Angeles, CA, 90017,Match,Exact,"600 W 7th St, LOS ANGELES, CA, 90017",-118.25666,34.047318,L
119,600 West 7th Street, Los Angeles, CA, 90017,Match,Exact,"600 W 7th St, LOS ANGELES, CA, 90017",-118.25666,34.047318,L
120,600 West 7th Street, Los Angeles, CA, 90017,Match,Exact,"600 W 7th St, LOS ANGELES, CA, 90017",-118.25666,34.047318,L
121,600 West 7th Street, Los Angeles, CA, 90017,Match,Exact,"600 W 7th St, LOS ANGELES, CA, 90017",-118.25666,34.047318,L
122,600 West 7th Street, Los Angeles, CA, 90017,Match,Exact,"600 W 7th St, LOS ANGELES, CA, 90017",-118.25666,34.047318,L
124,6000 Technology Blvd, Richmond, VA, 23150,Match,Non_Exact,"6000 Technology Blvd, SANDSTON, VA, 23150",-77.25503,37.496155,L
125,6000 Technology Blvd, Sandston, VA, 23150,Match,Exact,"6000 Technology Blvd, SANDSTON, VA, 23150",-77.25503,37.496155,L
126,600-780 South Federal, Chicago, IL, 60605,Match,Non_Exact,"600 S Federal St, CHICAGO, IL, 60605",-87.629684,41.874474,R
127,600-780 South Federal, Chicago, IL, 60605,Match,Non_Exact,"600 S Federal St, CHICAGO, IL, 60605",-87.629684,41.874474,R
128,6031 S. Rio Grande Avenue, Orlando, FL, 32809,Match,Exact,"6031 S Rio Grande Ave, ORLANDO, FL, 32809",-81.40079,28.470186,L
130,70 Innerbelt Road, Somerville, MA, 02143,Match,Non_Exact,"70 Inner Belt Rd, SOMERVILLE, MA, 02143",-71.08094,42.37862,L
131,7990 Science Applications Court, Vienna, VA, 22182,Match,Exact,"7990 Science Applications Ct, VIENNA, VA, 22182",-77.22078,38.907997,L
132,811 10th Avenue, New York, NY, 10019,Match,Exact,"811 10 Ave, NEW YORK, NY, 10019",-73.990036,40.767117,L
133,818 West 7th Street, Los Angeles, CA, 90017,Match,Exact,"818 W 7th St, LOS ANGELES, CA, 90017",-118.25934,34.04904,L
134,8910 Lenox Pointe Drive, Charlotte, NC, 28273,Match,Exact,"8910 Lenox Pointe Dr, CHARLOTTE, NC, 28273",-80.93666,35.134468,R
136,910 15th St, Denver, CO, 80202,Match,Exact,"910 15th St, DENVER, CO, 80202",-104.99529,39.745674,L
137,910 15th st., Denver, CO, 80202,Match,Exact,"910 15th St, DENVER, CO, 80202",-104.99529,39.745674,L
138,9706 E. Easter Avenue, Englewood, CO, 80012,Match,Non_Exact,"9706 E Easter Ave, ENGLEWOOD, CO, 80112",-104.87632,39.58779,R
139,9707 E. Easter Avenue, Englewood, CO, 80012,Match,Non_Exact,"9707 E Easter Ave, ENGLEWOOD, CO, 80112",-104.87632,39.58782,L
140,100 Delawanna Ave, Clifton, NJ, 07014,Match,Exact,"100 Delawanna Ave, CLIFTON, NJ, 07014",-74.12719,40.82973,R
141,1000 Catawba Street, Columbia, SC, 29201,Match,Exact,"1000 Catawba St, COLUMBIA, SC, 29201",-81.03078,33.98828,R
142,1000 Denny Way, Seattle, WA, 98109,Match,Exact,"1000 Denny Way, SEATTLE, WA, 98109",-122.33714,47.61854,L
143,101 N Chestnut St, Winston-Salem, NC, 276101,Match,Non_Exact,"101 N Chestnut St, WINSTON SALEM, NC, 27101",-80.24162,36.096603,R
144,101 Possumtown Road, Piscataway, NJ, 08854,Match,Exact,"101 Possumtown Rd, PISCATAWAY, NJ, 08854",-74.49501,40.56058,L
145,101 Possumtown Road, Piscataway, NJ, 08854,Match,Exact,"101 Possumtown Rd, PISCATAWAY, NJ, 08854",-74.49501,40.56058,L
148,1100 Space Park Drive, Santa Clara, CA, 95050,Match,Non_Exact,"1100 Space Park Dr, SANTA CLARA, CA, 95054",-121.953384,37.376217,L
149,111 N Canal St, Chicago, IL, 60606,Match,Exact,"111 N Canal St, CHICAGO, IL, 60606",-87.63976,41.88353,R
152,11830 Webb Chapel Road, Webb Chapel, TX, 75234,Match,Non_Exact,"11830 Webb Chapel Rd, DALLAS, TX, 75234",-96.87269,32.910156,R
153,1200 West 7th Street, Los Angeles, CA, 90017,Match,Exact,"1200 W 7th St, LOS ANGELES, CA, 90017",-118.265854,34.05149,L
154,1200 West 7th Street, Los Angeles, CA, 90017,Match,Exact,"1200 W 7th St, LOS ANGELES, CA, 90017",-118.265854,34.05149,L
155,1200 West 7th Street, Los Angeles, CA, 90017,Match,Exact,"1200 W 7th St, LOS ANGELES, CA, 90017",-118.265854,34.05149,L
156,1200 West 7th Street, Los Angeles, CA, 90017,Match,Exact,"1200 W 7th St, LOS ANGELES, CA, 90017",-118.265854,34.05149,L
157,12001 North Fwy, Houston, TX, 77060,Match,Exact,"12001 North Fwy, HOUSTON, TX, 77060",-95.41507,29.94251,L
158,12025 North Fwy, Houston, TX, 77060,Match,Exact,"12025 North Fwy, HOUSTON, TX, 77060",-95.41514,29.942703,L
159,12101 Tukwila International Blvd, Tukwila, WA, 98168,Match,Exact,"12101 Tukwila International Blvd, TUKWILA, WA, 98168",-122.29529,47.497597,R
160,12101 Tukwila International Blvd, Tukwila, WA, 98168,Match,Exact,"12101 Tukwila International Blvd, TUKWILA, WA, 98168",-122.29529,47.497597,R
161,12101 Tukwila International Blvd, Tukwila, WA, 98168,Match,Exact,"12101 Tukwila International Blvd, TUKWILA, WA, 98168",-122.29529,47.497597,R
162,12101 Tukwila International Blvd, Tukwila, WA, 98168,Match,Exact,"12101 Tukwila International Blvd, TUKWILA, WA, 98168",-122.29529,47.497597,R
163,1301 Fannin Street, Houston, TX, 77022,Match,Non_Exact,"1301 Fannin St, HOUSTON, TX, 77002",-95.36584,29.754143,L
164,1301 Fannin Street, Houston, TX, 77002,Match,Exact,"1301 Fannin St, HOUSTON, TX, 77002",-95.36584,29.754143,L
165,1301 Fannin Street, Houston, TX, 77002,Match,Exact,"1301 Fannin St, HOUSTON, TX, 77002",-95.36584,29.754143,L
166,1301 Fannin Street, Houston, TX, 77002,Match,Exact,"1301 Fannin St, HOUSTON, TX, 77002",-95.36584,29.754143,L
167,1301 Fannin Street, Houston, TX, 77002,Match,Exact,"1301 Fannin St, HOUSTON, TX, 77002",-95.36584,29.754143,L
168,1313 53rd Street, Emeryville, CA, 94608,Match,Exact,"1313 53rd St, EMERYVILLE, CA, 94608",-122.28726,37.836136,L
169,1380 Kifer Road, Sunnyvale, CA, 98108,Match,Non_Exact,"1380 Kifer Rd, SUNNYVALE, CA, 94086",-121.99647,37.373817,R
170,150 Varick Street, New York, NY, 10012,Match,Non_Exact,"150 Varick St, NEW YORK, NY, 10013",-74.005684,40.726166,R
171,1755-1757 Old Meadow Road, McLean, DC, 22102,Match,Non_Exact,"1755 Old Meadow Rd, MCLEAN, VA, 22102",-77.2124,38.91816,L
172,180 Peachtree St, Atlanta, GA, 30303,Match,Exact,"180 Peachtree St, ATLANTA, GA, 30303",-84.38762,33.75849,L
173,185 Berry Street, San Francisco, CA, 94107,Match,Exact,"185 Berry St, SAN FRANCISCO, CA, 94107",-122.3927,37.776283,L
174,1850 Pearl Street, Denver, CO, 80203,Match,Exact,"1850 Pearl St, DENVER, CO, 80203",-104.979866,39.745533,R
175,1918 Wake Forest Rd, Raleigh, NC, 27606,Match,Non_Exact,"1918 Wake Forest Rd, RALEIGH, NC, 27608",-78.62497,35.805183,R
176,19675 West Ten Mile Road, Southfield, MI, 48075,Match,Exact,"19675 W 10 Mile Rd, SOUTHFIELD, MI, 48075",-83.237816,42.472984,R
177,200 N LaSalle St, Chicago, IL, 60601,Match,Non_Exact,"200 N la Salle St, CHICAGO, IL, 60601",-87.63247,41.885765,L
178,200 Meadowlands Parkway, Secaucus, NJ, 07094,Match,Exact,"200 Meadowlands Pkwy, SECAUCUS, NJ, 07094",-74.07828,40.781464,L
179,21 Harborview Ave, Stamford, CT, 6902,Match,Exact,"21 Harborview Ave, STAMFORD, CT, 06902",-73.530266,41.048874,R
180,21561 Beaumeade Circle, Ashburn, VA, 22204,Match,Non_Exact,"21561 Beaumeade Cir, ASHBURN, VA, 20147",-77.454544,39.02101,L
181,216 W. Jackson Blvd, Chicago, IL, 60606,Match,Exact,"216 W Jackson Blvd, CHICAGO, IL, 60606",-87.63461,41.878124,R
182,216 W. Jackson Blvd, Chicago, IL, 60606,Match,Exact,"216 W Jackson Blvd, CHICAGO, IL, 60606",-87.63461,41.878124,R
183,226 North Fifth Street, Columbus, OH, 43215,Match,Exact,"226 N 5th St, COLUMBUS, OH, 43215",-82.99577,39.967617,R
184,2401 Portsmouth Street, Houston, TX, 77098,Match,Exact,"2401 Portsmouth St, HOUSTON, TX, 77098",-95.41638,29.73347,L
185,24700 Northwestern Hwy, Southfield, MI, 48075,Match,Exact,"24700 Northwestern Hwy, SOUTHFIELD, MI, 48075",-83.23877,42.470936,R
186,24700 Northwestern Hwy, Southfield, MI, 48075,Match,Exact,"24700 Northwestern Hwy, SOUTHFIELD, MI, 48075",-83.23877,42.470936,R
188,2681 Kelvin Avenue, Irvine, CA, 92614,Match,Exact,"2681 Kelvin Ave, IRVINE, CA, 92614",-117.83792,33.684174,L
191,2805 Mission College Blvd, Santa Clara, CA, 95054,Match,Exact,"2805 Mission College Blvd, SANTA CLARA, CA, 95054",-121.98658,37.388805,R
192,2807 Mission College Blvd, Santa Clara, CA, 95054,Match,Exact,"2807 Mission College Blvd, SANTA CLARA, CA, 95054",-121.98657,37.388805,R
193,2807 Mission College Blvd, Santa Clara, CA, 95054,Match,Exact,"2807 Mission College Blvd, SANTA CLARA, CA, 95054",-121.98657,37.388805,R
194,2820 Northwestern Pkwy, Santa Clara, CA, 95051,Match,Exact,"2820 Northwestern Pkwy, SANTA CLARA, CA, 95051",-121.972,37.3727,L
195,307-309 West 7th St, Fort Worth, TX, 76102,Match,Exact,"307 W 7th St, FORT WORTH, TX, 76102",-97.331535,32.75187,L
197,32 Avenue of the Americas, New York, NY, 10013,Match,Exact,"32 Ave of the Americas, NEW YORK, NY, 10013",-74.00517,40.720036,R
198,32 Avenue of the Americas, New York, NY, 10019,Match,Non_Exact,"32 Ave of the Americas, NEW YORK, NY, 10013",-74.00517,40.720036,R
199,33 Whitehall Street, New York, NY, 10004,Match,Exact,"33 Whitehall St, NEW YORK, NY, 10004",-74.01303,40.703304,L
200,33 Whitehall Street, New York, NY, 10004,Match,Exact,"33 Whitehall St, NEW YORK, NY, 10004",-74.01303,40.703304,L
201,33 Whitehall Street, New York, NY, 10004,Match,Exact,"33 Whitehall St, NEW YORK, NY, 10004",-74.01303,40.703304,L
204,3433 S 120th Place, Tuckwila, WA, 98168,Match,Non_Exact,"3433 S 120th Pl, TUKWILA, WA, 98168",-122.288315,47.495476,R
205,36 NE 2nd Street, Miami, FL, 33132,Match,Exact,"36 NE 2nd St, MIAMI, FL, 33132",-80.19309,25.776077,R
206,36 NE 2nd Street, Miami, FL, 33132,Match,Exact,"36 NE 2nd St, MIAMI, FL, 33132",-80.19309,25.776077,R
207,36 NE 2nd Street, Miami, FL, 33132,Match,Exact,"36 NE 2nd St, MIAMI, FL, 33132",-80.19309,25.776077,R
208,36 NE 2nd Street, Miami, FL, 33132,Match,Exact,"36 NE 2nd St, MIAMI, FL, 33132",-80.19309,25.776077,R
209,36 NE 2nd Street, Miami, FL, 33132,Match,Exact,"36 NE 2nd St, MIAMI, FL, 33132",-80.19309,25.776077,R
210,360 Spear Street, San Francisco, CA, 94105,Match,Exact,"360 Spear St, SAN FRANCISCO, CA, 94105",-122.39005,37.78932,R
211,360 Spear Street, San Francisco, CA, 94105,Match,Exact,"360 Spear St, SAN FRANCISCO, CA, 94105",-122.39005,37.78932,R
212,3825 NW Aloclek Place, Hillsboro, OR, 97124,Match,Exact,"3825 NW Aloclek Pl, HILLSBORO, OR, 97124",-122.89103,45.54724,L
214,402 Franklin Road, Brentwood, TN, 37207,Match,Non_Exact,"402 Franklin Rd, BRENTWOOD, TN, 37027",-86.793785,36.024235,R
215,444 NW 79th Avenue, Miami, FL, 33126,Match,Exact,"444 NW 79th Ave, MIAMI, FL, 33126",-80.324326,25.774487,L
216,501 2nd St, San Francisco, CA, 94107,Match,Exact,"501 2nd St, SAN FRANCISCO, CA, 94107",-122.39359,37.783073,L
219,530 West 6th Street, Los Angeles, CA, 90017,Match,Non_Exact,"530 W 6th St, LOS ANGELES, CA, 90014",-118.25455,34.048256,L
220,530 West 6th Street, Los Angeles, CA, 90017,Match,Non_Exact,"530 W 6th St, LOS ANGELES, CA, 90014",-118.25455,34.048256,L
221,530 West 6th Street, Los Angeles, CA, 90017,Match,Non_Exact,"530 W 6th St, LOS ANGELES, CA, 90014",-118.25455,34.048256,L
222,530 West 6th Street, Los Angeles, CA, 90017,Match,Non_Exact,"530 W 6th St, LOS ANGELES, CA, 90014",-118.25455,34.048256,L
223,530 West 6th Street, Los Angeles, CA, 90017,Match,Non_Exact,"530 W 6th St, LOS ANGELES, CA, 90014",-118.25455,34.048256,L
224,530 West 6th Street, Los Angeles, CA, 90017,Match,Non_Exact,"530 W 6th St, LOS ANGELES, CA, 90014",-118.25455,34.048256,L
225,624 South Grand Avenue, Los Angeles, CA, 90017,Match,Exact,"624 S Grand Ave, LOS ANGELES, CA, 90017",-118.25577,34.048172,L
226,624 South Grand Avenue, Los Angeles, CA, 90017,Match,Exact,"624 S Grand Ave, LOS ANGELES, CA, 90017",-118.25577,34.048172,L
227,624 South Grand Avenue, Los Angeles, CA, 90017,Match,Exact,"624 S Grand Ave, LOS ANGELES, CA, 90017",-118.25577,34.048172,L
228,624 South Grand Avenue, Los Angeles, CA, 90017,Match,Exact,"624 S Grand Ave, LOS ANGELES, CA, 90017",-118.25577,34.048172,L
229,630 Third Street, San Francisco, CA, 94107,Match,Exact,"630 3rd St, SAN FRANCISCO, CA, 94107",-122.39381,37.77968,R
230,650 South Grand Avenue, Los Angeles, CA, 90017,Match,Exact,"650 S Grand Ave, LOS ANGELES, CA, 90017",-118.256134,34.047775,L
231,650 South Grand Avenue, Los Angeles, CA, 90017,Match,Exact,"650 S Grand Ave, LOS ANGELES, CA, 90017",-118.256134,34.047775,L
232,650 South Grand Avenue, Los Angeles, CA, 90017,Match,Exact,"650 S Grand Ave, LOS ANGELES, CA, 90017",-118.256134,34.047775,L
233,650 South Grand Avenue, Los Angeles, CA, 90017,Match,Exact,"650 S Grand Ave, LOS ANGELES, CA, 90017",-118.256134,34.047775,L
234,675 Peachtree Street, Atlanta, GA, 30375,Match,Non_Exact,"675 Peachtree St, ATLANTA, GA, 30308",-84.38484,33.772827,R
235,707 Wilshire Blvd., Los Angeles, CA, 90017,Match,Exact,"707 Wilshire Blvd, LOS ANGELES, CA, 90017",-118.257164,34.048744,R
236,707 Wilshire Blvd., Los Angeles, CA, 90017,Match,Exact,"707 Wilshire Blvd, LOS ANGELES, CA, 90017",-118.257164,34.048744,R
237,710 North Tucker Blvd, St. Louis, MO, 63101,Match,Exact,"710 N Tucker Blvd, SAINT LOUIS, MO, 63101",-90.1963,38.63281,R
238,710 North Tucker Blvd, St. Louis, MO, 63101,Match,Exact,"710 N Tucker Blvd, SAINT LOUIS, MO, 63101",-90.1963,38.63281,R
239,710 North Tucker Blvd, St. Louis, MO, 63101,Match,Exact,"710 N Tucker Blvd, SAINT LOUIS, MO, 63101",-90.1963,38.63281,R
240,717 S Wells St, Chicago, IL, 60607,Match,Exact,"717 S Wells St, CHICAGO, IL, 60607",-87.63358,41.87314,L
241,717 S Wells St, Chicago, IL, 60607,Match,Exact,"717 S Wells St, CHICAGO, IL, 60607",-87.63358,41.87314,L
242,725 S. Wells St., Chicago, IL, 60610,Match,Non_Exact,"725 S Wells St, CHICAGO, IL, 60607",-87.633575,41.87305,L
243,725 S. Wells St., Chicago, IL, 60607,Match,Exact,"725 S Wells St, CHICAGO, IL, 60607",-87.633575,41.87305,L
244,725 S. Wells St., Chicago, IL, 60607,Match,Exact,"725 S Wells St, CHICAGO, IL, 60607",-87.633575,41.87305,L
245,7401 East Ben White Blvd., Austin, TX, 78741,Match,Exact,"7401 E Ben White Blvd, AUSTIN, TX, 78741",-97.68944,30.218634,R
246,7401 East Ben White Blvd., Austin, TX, 78741,Match,Exact,"7401 E Ben White Blvd, AUSTIN, TX, 78741",-97.68944,30.218634,R
247,75 Broad Street, New York, NY, 10004,Match,Exact,"75 Broad St, NEW YORK, NY, 10004",-74.01154,40.704468,L
248,75 Broad Street, New York, NY, 10004,Match,Exact,"75 Broad St, NEW YORK, NY, 10004",-74.01154,40.704468,L
249,75 Broad Street, New York, NY, 10004,Match,Exact,"75 Broad St, NEW YORK, NY, 10004",-74.01154,40.704468,L
250,75 Broad Street, New York, NY, 10004,Match,Exact,"75 Broad St, NEW YORK, NY, 10004",-74.01154,40.704468,L
251,75 Broad Street, New York, NY, 10004,Match,Exact,"75 Broad St, NEW YORK, NY, 10004",-74.01154,40.704468,L
252,835 Greens Parkway, Houston, TX, 77002,Match,Non_Exact,"835 Greens Pkwy, HOUSTON, TX, 77067",-95.42354,29.944786,R
253,835 Oak Creek Dr., Lombard, IL, 60148,Match,Exact,"835 Oak Creek Dr, LOMBARD, IL, 60148",-88.03341,41.850986,L
254,882 3rd Avenue, Brooklyn, NY, 11232,Match,Exact,"882 3rd Ave, BROOKLYN, NY, 11232",-74.00419,40.657314,R
255,882 3rd Avenue, New York, NY, 11232,Match,Non_Exact,"882 3rd Ave, BROOKLYN, NY, 11232",-74.00419,40.657314,R
256,882 3rd Avenue, Brooklyn, NY, 11232,Match,Exact,"882 3rd Ave, BROOKLYN, NY, 11232",-74.00419,40.657314,R
257,8913 Complex Drive, San Diego, CA, 92123,Match,Exact,"8913 Complex Dr, SAN DIEGO, CA, 92123",-117.13653,32.829952,R
258,8929 Aero Drive, San Diego, CA, 92123,Match,Exact,"8929 Aero Dr, SAN DIEGO, CA, 92123",-117.137215,32.809742,R
259,8939 Complex Drive, San Diego, CA, 92123,Match,Exact,"8939 Complex Dr, SAN DIEGO, CA, 92123",-117.13612,32.830013,R
260,8941 Complex Drive, San Diego, CA, 92123,Match,Exact,"8941 Complex Dr, SAN DIEGO, CA, 92123",-117.13609,32.830017,R
261,900 N. Alameda Ave, Los Angeles, CA, 90012,Match,Non_Exact,"900 N Alameda St, LOS ANGELES, CA, 90012",-118.23705,34.058125,R
262,900 N. Alameda Ave, Los Angeles, CA, 90012,Match,Non_Exact,"900 N Alameda St, LOS ANGELES, CA, 90012",-118.23705,34.058125,R
265,900 Walnut, Saint Louis, MO, 63102,Match,Non_Exact,"900 Walnut St, SAINT LOUIS, MO, 63102",-90.19478,38.625664,R
267,480 N Bedford Road, Chappaqua, NY, 10514,Match,Exact,"480 Bedford Rd, CHAPPAQUA, NY, 10514",-73.75354,41.17081,L
268,480 N Bedford Road, Chappaqua, NY, 10514,Match,Exact,"480 Bedford Rd, CHAPPAQUA, NY, 10514",-73.75354,41.17081,L
18,1275 K Street, Washington D.C., DC, 20005,No_Match,,,-77.029149,38.902918,
23,15 Enterprise Ave, Secaucus, NY, 07094,No_Match,,,-74.0691833,40.7861947,
63,3 Corporate Drive North, Piscataway, NJ, 08854,No_Match,,,-74.4568998,40.5545366,
65,300 Boulevard East, Weehawken, NJ, 07086,No_Match,,,-74.0251835,40.7618017,
66,300 Boulevard East, Weehawken, NJ, 07086,No_Match,,,-74.0251835,40.7618017,
67,300 Boulevard East, Weehawken, NJ, 07086,No_Match,,,-74.0251835,40.7618017,
88,4211 Southwest Freeway, Houston, TX, 77027,No_Match,,,-95.4456922,29.728054,
89,427 LaSalle St, Chicago, IL, 60606,No_Match,,,-87.6324355,41.8899457,
97,55 Marietta, Atlanta, GA, 30303,No_Match,,,-84.3901169,33.7544997,
106,5851 Westside Avenue, North Bergen, NJ, 07047,No_Match,,,-74.0311614,40.7968797,
129,7 Teleport Drive, New York, NY, 10311,No_Match,,,-74.173722,40.606231,
135,900 Venture Drive, Allen, TX, 75013,No_Match,,,-96.68326,33.094894,
146,1100 North Market Blvd, Sacramento, CA, 95834,No_Match,,,-121.486335,38.646407,
147,1100 North Market Blvd, Sacramento, CA, 95834,No_Match,,,-121.486335,38.646407,
150,111 Town Square Place, Jersey City, NJ, 07310,No_Match,,,-74.0331034,40.7262869,
151,111 Town Square Place, Jersey City, NJ, 07310,No_Match,,,-74.0331034,40.7262869,
187,2500 N Stadium, Columbia, SC, 65203,No_Match,,,-81.0219958,33.9728005,
189,2775 Northwoods Parkway NW, Norcross, GA, 30071,No_Match,,,-84.1983939,33.954938,
190,2775 Northwoods Parkway NW, Norcross, GA, 30071,No_Match,,,-84.1983939,33.954938,
196,32 Avenue of the Americas, Newark, NY, 10014,No_Match,,,-74.1688605,40.7279352,
202,332 W. Broadway, Louisville, KY, 40202,No_Match,,,-85.7580405,38.2457868,
203,332 W. Broadway, Louisville, KY, 40202,No_Match,,,-85.7580405,38.2457868,
213,400 Holger Way, San Jose, CA, 95134,No_Match,,,-121.9431006,37.4184916,
217,5150 McCrimmon Pkwy, Morrisville, NC, 27560,No_Match,,,-78.8290166,35.8498404,
218,5150 McCrimmon Pkwy, Morrisville, NC, 27560,No_Match,,,-78.8290166,35.8498404,
263,900 N. Alameda Ave, Los Angeles, CA, 90017,No_Match,,,-118.2356031,34.0582966,
264,900 Walnut, St. Louis, MO, 63101,No_Match,,,-90.195222,38.625471,
266,900 Walnut, St. Louis, MO, 63101,No_Match,,,-90.195222,38.625471,
83,401 N Broad Street, Philadelphia, PA, 19123,Tie,,,-75.1619411,39.9596027,
84,401 N Broad Street, Philadelphia, PA, 19123,Tie,,,-75.1619411,39.9596027,
85,401 N Broad Street, Philadelphia, PA, 19123,Tie,,,-75.1619411,39.9596027,
86,401 N Broad Street, Philadelphia, PA, 19123,Tie,,,-75.1619411,39.9596027,
87,401 N Broad Street, Philadelphia, PA, 19123,Tie,,,-75.1619411,39.9596027,
123,600 West Chicago Ave, Chicago, IL, 60610,Tie,,,-87.6435474,41.8969173,
